{
  "project_info": {
    "project_number": "1020913772428",
    "project_id": "zeveats",
    "storage_bucket": "zeveats.appspot.com"
  },
  "client": [
    {
      "client_info": {
        "mobilesdk_app_id": "1:1020913772428:android:83971725f994c4bc7918a9",
        "android_client_info": {
          "package_name": "com.example.zeveats"
        }
      },
      "oauth_client": [],
      "api_key": [
        {
          "current_key": "AIzaSyCta5Y4Gmox_kqI-OQrLT9bfbflSdbfoaM"
        }
      ],
      "services": {
        "appinvite_service": {
          "other_platform_oauth_client": []
        }
      }
    }
  ],
  "configuration_version": "1"
}